id,city_en,prefecture_en
1100,Sapporo,Hokkaido
1101,"Chuo-ku, Sapporo",Hokkaido
1102,"Kita-ku, Sapporo",Hokkaido
1103,"Higashi-ku, Sapporo",Hokkaido
1104,"Shiroishi-ku, Sapporo",Hokkaido
1105,"Toyohira-ku, Sapporo",Hokkaido
1106,"Minami-ku, Sapporo",Hokkaido
1107,"Nishi-ku, Sapporo",Hokkaido
1108,"Atsubetsu-ku, Sapporo",Hokkaido
1109,"Teine-ku, Sapporo",Hokkaido
1110,"Kiyota-ku, Sapporo",Hokkaido
1202,Hakodate,Hokkaido
1203,Otaru,Hokkaido
1204,Asahikawa,Hokkaido
1205,"Muroran, Hokkaido",Hokkaido
1206,"Kushiro, Hokkaido",Hokkaido
1207,"Obihiro, Hokkaido",Hokkaido
1208,"Kitami, Hokkaido",Hokkaido
1209,"Yubari, Hokkaido",Hokkaido
1210,"Iwamizawa, Hokkaido",Hokkaido
1211,Abashiri,Hokkaido
1212,"Rumoi, Hokkaido",Hokkaido
1213,"Tomakomai, Hokkaido",Hokkaido
1214,"Wakkanai, Hokkaido",Hokkaido
1215,"Bibai, Hokkaido",Hokkaido
1216,"Ashibetsu, Hokkaido",Hokkaido
1217,"Ebetsu, Hokkaido",Hokkaido
1218,"Akabira, Hokkaido",Hokkaido
1219,"Monbetsu, Hokkaido",Hokkaido
1220,"Shibetsu, Hokkaido",Hokkaido
1221,"Nayoro, Hokkaido",Hokkaido
1222,"Mikasa, Hokkaido",Hokkaido
1223,"Nemuro, Hokkaido",Hokkaido
1224,"Chitose, Hokkaido",Hokkaido
1225,"Takikawa, Hokkaido",Hokkaido
1226,"Sunagawa, Hokkaido",Hokkaido
1227,"Utashinai, Hokkaido",Hokkaido
1228,"Fukagawa, Hokkaido",Hokkaido
1229,"Furano, Hokkaido",Hokkaido
1230,Noboribetsu,Hokkaido
1231,"Eniwa, Hokkaido",Hokkaido
1233,"Date, Hokkaido",Hokkaido
1234,"Kitahiroshima, Hokkaido",Hokkaido
1235,"Ishikari, Hokkaido",Hokkaido
1236,"Hokuto, Hokkaido",Hokkaido
1303,"Tobetsu, Hokkaido",Hokkaido
1304,"Shinshinotsu, Hokkaido",Hokkaido
1331,"Matsumae, Hokkaido",Hokkaido
1332,"Fukushima, Hokkaido",Hokkaido
1333,"Shiriuchi, Hokkaido",Hokkaido
1334,"Kikonai, Hokkaido",Hokkaido
1337,"Nanae, Hokkaido",Hokkaido
1343,"Shikabe, Hokkaido",Hokkaido
1345,"Mori, Hokkaido",Hokkaido
1346,"Yakumo, Hokkaido",Hokkaido
1347,"Oshamambe, Hokkaido",Hokkaido
1361,"Esashi, Hokkaido (Hiyama)",Hokkaido
1362,"Kaminokuni, Hokkaido",Hokkaido
1363,"Assabu, Hokkaido",Hokkaido
1364,"Otobe, Hokkaido",Hokkaido
1367,"Okushiri, Hokkaido",Hokkaido
1370,"Imakane, Hokkaido",Hokkaido
1371,"Setana, Hokkaido",Hokkaido
1391,"Shimamaki, Hokkaido",Hokkaido
1392,"Suttsu, Hokkaido",Hokkaido
1393,"Kuromatsunai, Hokkaido",Hokkaido
1394,"Rankoshi, Hokkaido",Hokkaido
1395,"Niseko, Hokkaido",Hokkaido
1396,"Makkari, Hokkaido",Hokkaido
1397,"Rusutsu, Hokkaido",Hokkaido
1398,"Kimobetsu, Hokkaido",Hokkaido
1399,"Kyogoku, Hokkaido",Hokkaido
1400,"Kutchan, Hokkaido",Hokkaido
1401,"Kyowa, Hokkaido",Hokkaido
1402,"Iwanai, Hokkaido",Hokkaido
1403,"Tomari, Hokkaido",Hokkaido
1404,"Kamoenai, Hokkaido",Hokkaido
1405,"Shakotan, Hokkaido",Hokkaido
1406,"Furubira, Hokkaido",Hokkaido
1407,"Niki, Hokkaido",Hokkaido
1408,"Yoichi, Hokkaido",Hokkaido
1409,"Akaigawa, Hokkaido",Hokkaido
1423,"Nanporo, Hokkaido",Hokkaido
1424,"Naie, Hokkaido",Hokkaido
1425,"Kamisunagawa, Hokkaido",Hokkaido
1427,"Yuni, Hokkaido",Hokkaido
1428,"Naganuma, Hokkaido",Hokkaido
1429,"Kuriyama, Hokkaido",Hokkaido
1430,"Tsukigata, Hokkaido",Hokkaido
1431,"Urausu, Hokkaido",Hokkaido
1432,"Shintotsukawa, Hokkaido",Hokkaido
1433,"Moseushi, Hokkaido",Hokkaido
1434,"Chippubetsu, Hokkaido",Hokkaido
1436,"Uryu, Hokkaido",Hokkaido
1437,"Hokuryu, Hokkaido",Hokkaido
1438,"Numata, Hokkaido",Hokkaido
1452,"Takasu, Hokkaido",Hokkaido
1453,"Higashikagura, Hokkaido",Hokkaido
1454,"Toma, Hokkaido",Hokkaido
1455,"Pippu, Hokkaido",Hokkaido
1456,"Aibetsu, Hokkaido",Hokkaido
1457,"Kamikawa, Hokkaido",Hokkaido
1458,"Higashikawa, Hokkaido",Hokkaido
1459,"Biei, Hokkaido",Hokkaido
1460,"Kamifurano, Hokkaido",Hokkaido
1461,"Nakafurano, Hokkaido",Hokkaido
1462,"Minamifurano, Hokkaido",Hokkaido
1463,Shimukappu,Hokkaido
1464,"Wassamu, Hokkaido",Hokkaido
1465,"Kenbuchi, Hokkaido",Hokkaido
1468,"Shimokawa, Hokkaido",Hokkaido
1469,"Bifuka, Hokkaido",Hokkaido
1470,"Otoineppu, Hokkaido",Hokkaido
1471,"Nakagawa, Hokkaido",Hokkaido
1472,"Horokanai, Hokkaido",Hokkaido
1481,"Mashike, Hokkaido",Hokkaido
1482,"Obira, Hokkaido",Hokkaido
1483,"Tomamae, Hokkaido",Hokkaido
1484,"Haboro, Hokkaido",Hokkaido
1485,"Shosanbetsu, Hokkaido",Hokkaido
1486,"Enbetsu, Hokkaido",Hokkaido
1487,"Teshio, Hokkaido",Hokkaido
1511,"Sarufutsu, Hokkaido",Hokkaido
1512,"Hamatonbetsu, Hokkaido",Hokkaido
1513,"Nakatonbetsu, Hokkaido",Hokkaido
1514,"Esashi, Hokkaido (Soya)",Hokkaido
1516,"Toyotomi, Hokkaido",Hokkaido
1517,"Rebun, Hokkaido",Hokkaido
1518,"Rishiri, Hokkaido",Hokkaido
1519,"Rishirifuji, Hokkaido",Hokkaido
1520,"Horonobe, Hokkaido",Hokkaido
1543,"Bihoro, Hokkaido",Hokkaido
1544,"Tsubetsu, Hokkaido",Hokkaido
1545,"Shari, Hokkaido",Hokkaido
1546,"Kiyosato, Hokkaido",Hokkaido
1547,"Koshimizu, Hokkaido",Hokkaido
1549,"Kunneppu, Hokkaido",Hokkaido
1550,"Oketo, Hokkaido",Hokkaido
1552,"Saroma, Hokkaido",Hokkaido
1555,"Engaru, Hokkaido",Hokkaido
1559,"Yubetsu, Hokkaido",Hokkaido
1560,"Takinoue, Hokkaido",Hokkaido
1561,"Okoppe, Hokkaido",Hokkaido
1562,"Nishiokoppe, Hokkaido",Hokkaido
1563,"omu, Hokkaido",Hokkaido
1564,"ozora, Hokkaido",Hokkaido
1571,"Toyoura, Hokkaido",Hokkaido
1575,"Sobetsu, Hokkaido",Hokkaido
1578,"Shiraoi, Hokkaido",Hokkaido
1581,"Atsuma, Hokkaido",Hokkaido
1584,"Toyako, Hokkaido",Hokkaido
1585,"Abira, Hokkaido",Hokkaido
1586,"Mukawa, Hokkaido",Hokkaido
1601,"Hidaka, Hokkaido",Hokkaido
1602,"Biratori, Hokkaido",Hokkaido
1604,"Niikappu, Hokkaido",Hokkaido
1607,"Urakawa, Hokkaido",Hokkaido
1608,"Samani, Hokkaido",Hokkaido
1609,"Erimo, Hokkaido",Hokkaido
1610,"Shinhidaka, Hokkaido",Hokkaido
1631,"Otofuke, Hokkaido",Hokkaido
1632,"Shihoro, Hokkaido",Hokkaido
1633,"Kamishihoro, Hokkaido",Hokkaido
1634,"Shikaoi, Hokkaido",Hokkaido
1635,"Shintoku, Hokkaido",Hokkaido
1636,"Shimizu, Hokkaido",Hokkaido
1637,"Memuro, Hokkaido",Hokkaido
1638,"Nakasatsunai, Hokkaido",Hokkaido
1639,"Sarabetsu, Hokkaido",Hokkaido
1641,"Taiki, Hokkaido",Hokkaido
1642,"Hiroo, Hokkaido",Hokkaido
1643,"Makubetsu, Hokkaido",Hokkaido
1644,"Ikeda, Hokkaido",Hokkaido
1645,"Toyokoro, Hokkaido",Hokkaido
1646,"Honbetsu, Hokkaido",Hokkaido
1647,"Ashoro, Hokkaido",Hokkaido
1648,"Rikubetsu, Hokkaido",Hokkaido
1649,"Urahoro, Hokkaido",Hokkaido
1661,Kushiro (town),Hokkaido
1662,"Akkeshi, Hokkaido",Hokkaido
1663,"Hamanaka, Hokkaido",Hokkaido
1664,"Shibecha, Hokkaido",Hokkaido
1665,"Teshikaga, Hokkaido",Hokkaido
1667,Tsurui,Hokkaido
1668,"Shiranuka, Hokkaido",Hokkaido
1691,"Betsukai, Hokkaido",Hokkaido
1692,"Nakashibetsu, Hokkaido",Hokkaido
1693,"Shibetsu, Hokkaido (Nemuro)",Hokkaido
1694,"Rausu, Hokkaido",Hokkaido
2201,Aomori (city),Aomori
2202,Hirosaki,Aomori
2203,Hachinohe,Aomori
2204,"Kuroishi, Aomori",Aomori
2205,"Goshogawara, Aomori",Aomori
2206,"Towada, Aomori",Aomori
2207,"Misawa, Aomori",Aomori
2208,"Mutsu, Aomori",Aomori
2209,"Tsugaru, Aomori",Aomori
2210,"Hirakawa, Aomori",Aomori
2301,Hiranai,Aomori
2303,"Imabetsu, Aomori",Aomori
2304,"Yomogita, Aomori",Aomori
2307,"Sotogahama, Aomori",Aomori
2321,"Ajigasawa, Aomori",Aomori
2323,"Fukaura, Aomori",Aomori
2343,"Nishimeya, Aomori",Aomori
2361,"Fujisaki, Aomori",Aomori
2362,"Owani, Aomori",Aomori
2367,"Inakadate, Aomori",Aomori
2381,"Itayanagi, Aomori",Aomori
2384,"Tsuruta, Aomori",Aomori
2387,"Nakadomari, Aomori",Aomori
2401,"Noheji, Aomori",Aomori
2402,"Shichinohe, Aomori",Aomori
2405,"Rokunohe, Aomori",Aomori
2406,"Yokohama, Aomori",Aomori
2408,"Tohoku, Aomori",Aomori
2411,"Rokkasho, Aomori",Aomori
2412,"Oirase, Aomori",Aomori
2423,"Oma, Aomori",Aomori
2424,"Higashidori, Aomori",Aomori
2425,"Kazamaura, Aomori",Aomori
2426,"Sai, Aomori",Aomori
2441,"Sannohe, Aomori",Aomori
2442,"Gonohe, Aomori",Aomori
2443,"Takko, Aomori",Aomori
2445,"Nanbu, Aomori",Aomori
2446,"Hashikami, Aomori",Aomori
2450,"Shingo, Aomori",Aomori
3201,Morioka,Iwate
3202,"Miyako, Iwate",Iwate
3203,"Ofunato, Iwate",Iwate
3205,"Hanamaki, Iwate",Iwate
3206,"Kitakami, Iwate",Iwate
3207,"Kuji, Iwate",Iwate
3208,"Tono, Iwate",Iwate
3209,"Ichinoseki, Iwate",Iwate
3210,"Rikuzentakata, Iwate",Iwate
3211,"Kamaishi, Iwate",Iwate
3213,"Ninohe, Iwate",Iwate
3214,"Hachimantai, Iwate",Iwate
3215,"Oshu, Iwate",Iwate
3216,"Takizawa, Iwate",Iwate
3301,"Shizukuishi, Iwate",Iwate
3302,"Kuzumaki, Iwate",Iwate
3303,"Iwate, Iwate",Iwate
3321,"Shiwa, Iwate",Iwate
3322,"Yahaba, Iwate",Iwate
3366,"Nishiwaga, Iwate",Iwate
3381,"Kanegasaki, Iwate",Iwate
3402,"Hiraizumi, Iwate",Iwate
3441,"Sumita, Iwate",Iwate
3461,"otsuchi, Iwate",Iwate
3482,"Yamada, Iwate",Iwate
3483,"Iwaizumi, Iwate",Iwate
3484,"Tanohata, Iwate",Iwate
3485,"Fudai, Iwate",Iwate
3501,"Karumai, Iwate",Iwate
3503,"Noda, Iwate",Iwate
3506,"Kunohe, Iwate",Iwate
3507,"Hirono, Iwate",Iwate
3524,"Ichinohe, Iwate",Iwate
4100,Sendai,Miyagi
4101,"Aoba-ku, Sendai",Miyagi
4102,"Miyagino-ku, Sendai",Miyagi
4103,"Wakabayashi-ku, Sendai",Miyagi
4104,"Taihaku-ku, Sendai",Miyagi
4105,"Izumi-ku, Sendai",Miyagi
4202,Ishinomaki,Miyagi
4203,Shiogama,Miyagi
4205,Kesennuma,Miyagi
4206,"Shiroishi, Miyagi",Miyagi
4207,"Natori, Miyagi",Miyagi
4208,"Kakuda, Miyagi",Miyagi
4209,Tagajo,Miyagi
4211,Iwanuma,Miyagi
4212,"Tome, Miyagi",Miyagi
4213,"Kurihara, Miyagi",Miyagi
4214,Higashimatsushima,Miyagi
4215,"osaki, Miyagi",Miyagi
4216,"Tomiya, Miyagi",Miyagi
4301,"Zao, Miyagi",Miyagi
4302,"Shichikashuku, Miyagi",Miyagi
4321,"ogawara, Miyagi",Miyagi
4322,"Murata, Miyagi",Miyagi
4323,"Shibata, Miyagi",Miyagi
4324,"Kawasaki, Miyagi",Miyagi
4341,"Marumori, Miyagi",Miyagi
4361,"Watari, Miyagi",Miyagi
4362,"Yamamoto, Miyagi",Miyagi
4401,"Matsushima, Miyagi",Miyagi
4404,Shichigahama,Miyagi
4406,Rifu,Miyagi
4421,"Taiwa, Miyagi",Miyagi
4422,"Osato, Miyagi",Miyagi
4424,"Ohira, Miyagi",Miyagi
4444,"Shikama, Miyagi",Miyagi
4445,"Kami, Miyagi",Miyagi
4501,Wakuya,Miyagi
4505,"Misato, Miyagi",Miyagi
4581,"Onagawa, Miyagi",Miyagi
4606,Minamisanriku,Miyagi
5201,Akita (city),Akita
5202,"Noshiro, Akita",Akita
5203,"Yokote, Akita",Akita
5204,Odate,Akita
5206,"Oga, Akita",Akita
5207,"Yuzawa, Akita",Akita
5209,"Kazuno, Akita",Akita
5210,Yurihonjo,Akita
5211,"Katagami, Akita",Akita
5212,"Daisen, Akita",Akita
5213,Kitaakita,Akita
5214,"Nikaho, Akita",Akita
5215,"Semboku, Akita",Akita
5303,"Kosaka, Akita",Akita
5327,"Kamikoani, Akita",Akita
5346,"Fujisato, Akita",Akita
5348,"Mitane, Akita",Akita
5349,"Happo, Akita",Akita
5361,"Gojome, Akita",Akita
5363,"Hachirogata, Akita",Akita
5366,"Ikawa, Akita",Akita
5368,"ogata, Akita",Akita
5434,"Misato, Akita",Akita
5463,"Ugo, Akita",Akita
5464,"Higashinaruse, Akita",Akita
6201,"Yamagata, Yamagata",Yamagata
6202,"Yonezawa, Yamagata",Yamagata
6203,"Tsuruoka, Yamagata",Yamagata
6204,"Sakata, Yamagata",Yamagata
6205,"Shinjo, Yamagata",Yamagata
6206,"Sagae, Yamagata",Yamagata
6207,"Kaminoyama, Yamagata",Yamagata
6208,"Murayama, Yamagata",Yamagata
6209,"Nagai, Yamagata",Yamagata
6210,"Tendo, Yamagata",Yamagata
6211,"Higashine, Yamagata",Yamagata
6212,"Obanazawa, Yamagata",Yamagata
6213,"Nan'yo, Yamagata",Yamagata
6301,"Yamanobe, Yamagata",Yamagata
6302,"Nakayama, Yamagata",Yamagata
6321,"Kahoku, Yamagata",Yamagata
6322,"Nishikawa, Yamagata",Yamagata
6323,"Asahi, Yamagata (Nishimurayama)",Yamagata
6324,"Oe, Yamagata",Yamagata
6341,Oishida,Yamagata
6361,"Kaneyama, Yamagata",Yamagata
6362,"Mogami, Yamagata",Yamagata
6363,"Funagata, Yamagata",Yamagata
6364,Mamurogawa,Yamagata
6365,"okura, Yamagata",Yamagata
6366,"Sakegawa, Yamagata",Yamagata
6367,"Tozawa, Yamagata",Yamagata
6381,"Takahata, Yamagata",Yamagata
6382,"Kawanishi, Yamagata",Yamagata
6401,"Oguni, Yamagata",Yamagata
6402,Shirataka,Yamagata
6403,"Iide, Yamagata",Yamagata
6426,"Mikawa, Yamagata",Yamagata
6428,"Shonai, Yamagata",Yamagata
6461,Yuza,Yamagata
7201,Fukushima (city),Fukushima
7202,Aizuwakamatsu,Fukushima
7203,Koriyama,Fukushima
7204,"Iwaki, Fukushima",Fukushima
7205,"Shirakawa, Fukushima",Fukushima
7207,"Sukagawa, Fukushima",Fukushima
7208,"Kitakata, Fukushima",Fukushima
7209,"Soma, Fukushima",Fukushima
7210,"Nihonmatsu, Fukushima",Fukushima
7211,"Tamura, Fukushima",Fukushima
7212,Minamisoma,Fukushima
7213,"Date City, Fukushima",Fukushima
7214,"Motomiya, Fukushima",Fukushima
7301,"Koori, Fukushima",Fukushima
7303,"Kunimi, Fukushima",Fukushima
7308,"Kawamata, Fukushima",Fukushima
7322,"otama, Fukushima",Fukushima
7342,"Kagamiishi, Fukushima",Fukushima
7344,"Ten-ei, Fukushima",Fukushima
7362,"Shimogo, Fukushima",Fukushima
7364,"Hinoemata, Fukushima",Fukushima
7367,"Tadami, Fukushima",Fukushima
7368,Minamiaizu,Fukushima
7402,"Kitashiobara, Fukushima",Fukushima
7405,"Nishiaizu, Fukushima",Fukushima
7407,"Bandai, Fukushima",Fukushima
7408,Inawashiro,Fukushima
7421,Aizubange,Fukushima
7422,"Yugawa, Fukushima",Fukushima
7423,"Yanaizu, Fukushima",Fukushima
7444,"Mishima, Fukushima",Fukushima
7445,"Kaneyama, Fukushima",Fukushima
7446,"Showa, Fukushima",Fukushima
7447,Aizumisato,Fukushima
7461,"Nishigo, Fukushima",Fukushima
7464,"Izumizaki, Fukushima",Fukushima
7465,"Nakajima, Fukushima",Fukushima
7466,"Yabuki, Fukushima",Fukushima
7481,"Tanagura, Fukushima",Fukushima
7482,"Yamatsuri, Fukushima",Fukushima
7483,"Hanawa, Fukushima",Fukushima
7484,"Samegawa, Fukushima",Fukushima
7501,"Ishikawa, Fukushima",Fukushima
7502,"Tamakawa, Fukushima",Fukushima
7503,"Hirata, Fukushima",Fukushima
7504,"Asakawa, Fukushima",Fukushima
7505,"Furudono, Fukushima",Fukushima
7521,"Miharu, Fukushima",Fukushima
7522,"Ono, Fukushima",Fukushima
7541,"Hirono, Fukushima",Fukushima
7542,"Naraha, Fukushima",Fukushima
7543,"Tomioka, Fukushima",Fukushima
7544,"Kawauchi, Fukushima",Fukushima
7545,"okuma, Fukushima",Fukushima
7546,"Futaba, Fukushima",Fukushima
7547,"Namie, Fukushima",Fukushima
7548,"Katsurao, Fukushima",Fukushima
7561,"Shinchi, Fukushima",Fukushima
7564,"Iitate, Fukushima",Fukushima
8201,"Mito, Ibaraki",Ibaraki
8202,"Hitachi, Ibaraki",Ibaraki
8203,Tsuchiura,Ibaraki
8204,"Koga, Ibaraki",Ibaraki
8205,"Ishioka, Ibaraki",Ibaraki
8207,"Yuki, Ibaraki",Ibaraki
8208,"Ryugasaki, Ibaraki",Ibaraki
8210,"Shimotsuma, Ibaraki",Ibaraki
8211,Joso,Ibaraki
8212,"Hitachiota, Ibaraki",Ibaraki
8214,"Takahagi, Ibaraki",Ibaraki
8215,"Kitaibaraki, Ibaraki",Ibaraki
8216,"Kasama, Ibaraki",Ibaraki
8217,"Toride, Ibaraki",Ibaraki
8219,"Ushiku, Ibaraki",Ibaraki
8220,"Tsukuba, Ibaraki",Ibaraki
8221,"Hitachinaka, Ibaraki",Ibaraki
8222,"Kashima, Ibaraki",Ibaraki
8223,"Itako, Ibaraki",Ibaraki
8224,"Moriya, Ibaraki",Ibaraki
8225,Hitachiomiya,Ibaraki
8226,"Naka, Ibaraki",Ibaraki
8227,Chikusei,Ibaraki
8228,"Bando, Ibaraki",Ibaraki
8229,"Inashiki, Ibaraki",Ibaraki
8230,"Kasumigaura, Ibaraki",Ibaraki
8231,"Sakuragawa, Ibaraki",Ibaraki
8232,"Kamisu, Ibaraki",Ibaraki
8233,"Namegata, Ibaraki",Ibaraki
8234,"Hokota, Ibaraki",Ibaraki
8235,"Tsukubamirai, Ibaraki",Ibaraki
8236,Omitama,Ibaraki
8302,"Ibaraki, Ibaraki",Ibaraki
8309,"Oarai, Ibaraki",Ibaraki
8310,"Shirosato, Ibaraki",Ibaraki
8341,"Tokai, Ibaraki",Ibaraki
8364,"Daigo, Ibaraki",Ibaraki
8442,"Miho, Ibaraki",Ibaraki
8443,"Ami, Ibaraki",Ibaraki
8447,"Kawachi, Ibaraki",Ibaraki
8521,"Yachiyo, Ibaraki",Ibaraki
8542,"Goka, Ibaraki",Ibaraki
8546,"Sakai, Ibaraki",Ibaraki
8564,"Tone, Ibaraki",Ibaraki
9201,Utsunomiya,Tochigi
9202,"Ashikaga, Tochigi",Tochigi
9203,"Tochigi, Tochigi",Tochigi
9204,"Sano, Tochigi",Tochigi
9205,"Kanuma, Tochigi",Tochigi
9206,"Nikko, Tochigi",Tochigi
9208,"Oyama, Tochigi",Tochigi
9209,"Mooka, Tochigi",Tochigi
9210,otawara,Tochigi
9211,"Yaita, Tochigi",Tochigi
9213,Nasushiobara,Tochigi
9214,"Sakura, Tochigi",Tochigi
9215,Nasukarasuyama,Tochigi
9216,"Shimotsuke, Tochigi",Tochigi
9301,"Kaminokawa, Tochigi",Tochigi
9342,"Mashiko, Tochigi",Tochigi
9343,"Motegi, Tochigi",Tochigi
9344,"Ichikai, Tochigi",Tochigi
9345,"Haga, Tochigi",Tochigi
9361,"Mibu, Tochigi",Tochigi
9364,"Nogi, Tochigi",Tochigi
9384,"Shioya, Tochigi",Tochigi
9386,"Takanezawa, Tochigi",Tochigi
9407,"Nasu, Tochigi",Tochigi
9411,"Nakagawa, Tochigi",Tochigi
10201,Maebashi,Gunma
10202,Takasaki,Gunma
10203,"Kiryu, Gunma",Gunma
10204,"Isesaki, Gunma",Gunma
10205,"ota, Gunma",Gunma
10206,"Numata, Gunma",Gunma
10207,"Tatebayashi, Gunma",Gunma
10208,"Shibukawa, Gunma",Gunma
10209,"Fujioka, Gunma",Gunma
10210,"Tomioka, Gunma",Gunma
10211,"Annaka, Gunma",Gunma
10212,"Midori, Gunma",Gunma
10344,"Shinto, Gunma",Gunma
10345,"Yoshioka, Gunma",Gunma
10366,"Ueno, Gunma",Gunma
10367,"Kanna, Gunma",Gunma
10382,"Shimonita, Gunma",Gunma
10383,"Nanmoku, Gunma",Gunma
10384,"Kanra, Gunma",Gunma
10421,"Nakanojo, Gunma",Gunma
10424,"Naganohara, Gunma",Gunma
10425,"Tsumagoi, Gunma",Gunma
10426,"Kusatsu, Gunma",Gunma
10428,"Takayama, Gunma",Gunma
10429,"Higashiagatsuma, Gunma",Gunma
10443,"Katashina, Gunma",Gunma
10444,"Kawaba, Gunma",Gunma
10448,"Showa, Gunma",Gunma
10449,"Minakami, Gunma",Gunma
10464,"Tamamura, Gunma",Gunma
10521,"Itakura, Gunma",Gunma
10522,"Meiwa, Gunma",Gunma
10523,"Chiyoda, Gunma",Gunma
10524,"Oizumi, Gunma",Gunma
10525,"Ora, Gunma",Gunma
11100,Saitama (city),Saitama
11101,"Nishi-ku, Saitama",Saitama
11102,"Kita-ku, Saitama",Saitama
11103,"Omiya-ku, Saitama",Saitama
11104,"Minuma-ku, Saitama",Saitama
11105,"Chuo-ku, Saitama",Saitama
11106,"Sakura-ku, Saitama",Saitama
11107,"Urawa-ku, Saitama",Saitama
11108,"Minami-ku, Saitama",Saitama
11109,"Midori-ku, Saitama",Saitama
11110,"Iwatsuki-ku, Saitama",Saitama
11201,"Kawagoe, Saitama",Saitama
11202,"Kumagaya, Saitama",Saitama
11203,"Kawaguchi, Saitama",Saitama
11206,Gyoda,Saitama
11207,"Chichibu, Saitama",Saitama
11208,"Tokorozawa, Saitama",Saitama
11209,"Hanno, Saitama",Saitama
11210,"Kazo, Saitama",Saitama
11211,"Honjo, Saitama",Saitama
11212,"Higashimatsuyama, Saitama",Saitama
11214,"Kasukabe, Saitama",Saitama
11215,"Sayama, Saitama",Saitama
11216,"Hanyu, Saitama",Saitama
11217,Konosu,Saitama
11218,"Fukaya, Saitama",Saitama
11219,"Ageo, Saitama",Saitama
11221,Soka,Saitama
11222,Koshigaya,Saitama
11223,"Warabi, Saitama",Saitama
11224,"Toda, Saitama",Saitama
11225,"Iruma, Saitama",Saitama
11227,"Asaka, Saitama",Saitama
11228,"Shiki, Saitama",Saitama
11229,"Wako, Saitama",Saitama
11230,"Niiza, Saitama",Saitama
11231,"Okegawa, Saitama",Saitama
11232,"Kuki, Saitama",Saitama
11233,"Kitamoto, Saitama",Saitama
11234,"Yashio, Saitama",Saitama
11235,"Fujimi, Saitama",Saitama
11237,"Misato, Saitama (city)",Saitama
11238,"Hasuda, Saitama",Saitama
11239,"Sakado, Saitama",Saitama
11240,"Satte, Saitama",Saitama
11241,"Tsurugashima, Saitama",Saitama
11242,"Hidaka, Saitama",Saitama
11243,"Yoshikawa, Saitama",Saitama
11245,"Fujimino, Saitama",Saitama
11246,"Shiraoka, Saitama",Saitama
11301,"Ina, Saitama",Saitama
11324,"Miyoshi, Saitama",Saitama
11326,"Moroyama, Saitama",Saitama
11327,"Ogose, Saitama",Saitama
11341,"Namegawa, Saitama",Saitama
11342,"Ranzan, Saitama",Saitama
11343,"Ogawa, Saitama",Saitama
11346,"Kawajima, Saitama",Saitama
11347,"Yoshimi, Saitama",Saitama
11348,"Hatoyama, Saitama",Saitama
11349,"Tokigawa, Saitama",Saitama
11361,"Yokoze, Saitama",Saitama
11362,"Minano, Saitama",Saitama
11363,"Nagatoro, Saitama",Saitama
11365,"Ogano, Saitama",Saitama
11369,"Higashichichibu, Saitama",Saitama
11381,"Misato, Saitama (town)",Saitama
11383,"Kamikawa, Saitama",Saitama
11385,"Kamisato, Saitama",Saitama
11408,"Yorii, Saitama",Saitama
11442,"Miyashiro, Saitama",Saitama
11464,"Sugito, Saitama",Saitama
11465,"Matsubushi, Saitama",Saitama
12100,Chiba (city),Chiba
12101,"Chuo-ku, Chiba",Chiba
12102,Hanamigawa-ku,Chiba
12103,Inage-ku,Chiba
12104,Wakaba-ku,Chiba
12105,"Midori-ku, Chiba",Chiba
12106,Mihama-ku,Chiba
12202,Choshi,Chiba
12203,"Ichikawa, Chiba",Chiba
12204,Funabashi,Chiba
12205,"Tateyama, Chiba",Chiba
12206,Kisarazu,Chiba
12207,Matsudo,Chiba
12208,"Noda, Chiba",Chiba
12210,Mobara,Chiba
12211,"Narita, Chiba",Chiba
12212,"Sakura, Chiba",Chiba
12213,Togane,Chiba
12215,"Asahi, Chiba",Chiba
12216,Narashino,Chiba
12217,Kashiwa,Chiba
12218,"Katsuura, Chiba",Chiba
12219,"Ichihara, Chiba",Chiba
12220,Nagareyama,Chiba
12221,"Yachiyo, Chiba",Chiba
12222,"Abiko, Chiba",Chiba
12223,"Kamogawa, Chiba",Chiba
12224,Kamagaya,Chiba
12225,Kimitsu,Chiba
12226,Futtsu,Chiba
12227,Urayasu,Chiba
12228,Yotsukaido,Chiba
12229,Sodegaura,Chiba
12230,Yachimata,Chiba
12231,Inzai,Chiba
12232,Shiroi,Chiba
12233,Tomisato,Chiba
12234,Minamiboso,Chiba
12235,Sosa,Chiba
12236,"Katori, Chiba",Chiba
12237,Sanmu,Chiba
12238,Isumi,Chiba
12239,oamishirasato,Chiba
12322,Shisui,Chiba
12329,"Sakae, Chiba",Chiba
12342,Kozaki,Chiba
12347,"Tako, Chiba",Chiba
12349,Tonosho,Chiba
12403,Kujukuri,Chiba
12409,"Shibayama, Chiba",Chiba
12410,Yokoshibahikari,Chiba
12421,"Ichinomiya, Chiba",Chiba
12422,Mutsuzawa,Chiba
12423,Chosei,Chiba
12424,Shirako,Chiba
12426,"Nagara, Chiba",Chiba
12427,Chonan,Chiba
12441,"otaki, Chiba",Chiba
12443,Onjuku,Chiba
12463,Kyonan,Chiba
13101,"Chiyoda, Tokyo",Tokyo
13102,"Chuo, Tokyo",Tokyo
13103,"Minato, Tokyo",Tokyo
13104,Shinjuku,Tokyo
13105,Bunkyo,Tokyo
13106,Taito,Tokyo
13107,"Sumida, Tokyo",Tokyo
13108,Koto,Tokyo
13109,Shinagawa,Tokyo
13110,Meguro,Tokyo
13111,"Ota, Tokyo",Tokyo
13112,Setagaya,Tokyo
13113,Shibuya,Tokyo
13114,"Nakano, Tokyo",Tokyo
13115,Suginami,Tokyo
13116,Toshima,Tokyo
13117,"Kita, Tokyo",Tokyo
13118,"Arakawa, Tokyo",Tokyo
13119,Itabashi,Tokyo
13120,Nerima,Tokyo
13121,"Adachi, Tokyo",Tokyo
13122,Katsushika,Tokyo
13123,"Edogawa, Tokyo",Tokyo
13201,Hachioji,Tokyo
13202,"Tachikawa, Tokyo",Tokyo
13203,"Musashino, Tokyo",Tokyo
13204,"Mitaka, Tokyo",Tokyo
13205,"ome, Tokyo",Tokyo
13206,"Fuchu, Tokyo",Tokyo
13207,"Akishima, Tokyo",Tokyo
13208,"Chofu, Tokyo",Tokyo
13209,"Machida, Tokyo",Tokyo
13210,"Koganei, Tokyo",Tokyo
13211,"Kodaira, Tokyo",Tokyo
13212,"Hino, Tokyo",Tokyo
13213,"Higashimurayama, Tokyo",Tokyo
13214,"Kokubunji, Tokyo",Tokyo
13215,"Kunitachi, Tokyo",Tokyo
13218,"Fussa, Tokyo",Tokyo
13219,"Komae, Tokyo",Tokyo
13220,"Higashiyamato, Tokyo",Tokyo
13221,"Kiyose, Tokyo",Tokyo
13222,"Higashikurume, Tokyo",Tokyo
13223,"Musashimurayama, Tokyo",Tokyo
13224,"Tama, Tokyo",Tokyo
13225,Inagi,Tokyo
13227,"Hamura, Tokyo",Tokyo
13228,"Akiruno, Tokyo",Tokyo
13229,"Nishitokyo, Tokyo",Tokyo
13303,"Mizuho, Tokyo",Tokyo
13305,"Hinode, Tokyo",Tokyo
13307,"Hinohara, Tokyo",Tokyo
13308,"Okutama, Tokyo",Tokyo
13361,"oshima, Tokyo",Tokyo
13362,"To-shima, Tokyo",Tokyo
13363,"Niijima, Tokyo",Tokyo
13364,"Kozushima, Tokyo",Tokyo
13381,"Miyake, Tokyo",Tokyo
13382,"Mikurajima, Tokyo",Tokyo
13401,"Hachijo, Tokyo",Tokyo
13402,"Aogashima, Tokyo",Tokyo
13421,"Ogasawara, Tokyo",Tokyo
14100,Yokohama,Kanagawa
14101,"Tsurumi-ku, Yokohama",Kanagawa
14102,"Kanagawa-ku, Yokohama",Kanagawa
14103,"Nishi-ku, Yokohama",Kanagawa
14104,"Naka-ku, Yokohama",Kanagawa
14105,"Minami-ku, Yokohama",Kanagawa
14106,"Hodogaya-ku, Yokohama",Kanagawa
14107,"Isogo-ku, Yokohama",Kanagawa
14108,"Kanazawa-ku, Yokohama",Kanagawa
14109,"Kohoku-ku, Yokohama",Kanagawa
14110,"Totsuka-ku, Yokohama",Kanagawa
14111,"Konan-ku, Yokohama",Kanagawa
14112,"Asahi-ku, Yokohama",Kanagawa
14113,"Midori-ku, Yokohama",Kanagawa
14114,"Seya-ku, Yokohama",Kanagawa
14115,"Sakae-ku, Yokohama",Kanagawa
14116,"Izumi-ku, Yokohama",Kanagawa
14117,"Aoba-ku, Yokohama",Kanagawa
14118,"Tsuzuki-ku, Yokohama",Kanagawa
14130,"Kawasaki, Kanagawa",Kanagawa
14131,"Kawasaki-ku, Kawasaki",Kanagawa
14132,"Saiwai-ku, Kawasaki",Kanagawa
14133,"Nakahara-ku, Kawasaki",Kanagawa
14134,"Takatsu-ku, Kawasaki",Kanagawa
14135,"Tama-ku, Kawasaki",Kanagawa
14136,"Miyamae-ku, Kawasaki",Kanagawa
14137,"Asao-ku, Kawasaki",Kanagawa
14150,Sagamihara,Kanagawa
14151,"Midori-ku, Sagamihara",Kanagawa
14152,"Chuo-ku, Sagamihara",Kanagawa
14153,"Minami-ku, Sagamihara",Kanagawa
14201,Yokosuka,Kanagawa
14203,Hiratsuka,Kanagawa
14204,Kamakura,Kanagawa
14205,"Fujisawa, Kanagawa",Kanagawa
14206,Odawara,Kanagawa
14207,"Chigasaki, Kanagawa",Kanagawa
14208,"Zushi, Kanagawa",Kanagawa
14210,"Miura, Kanagawa",Kanagawa
14211,"Hadano, Kanagawa",Kanagawa
14212,Atsugi,Kanagawa
14213,"Yamato, Kanagawa",Kanagawa
14214,"Isehara, Kanagawa",Kanagawa
14215,"Ebina, Kanagawa",Kanagawa
14216,"Zama, Kanagawa",Kanagawa
14217,"Minamiashigara, Kanagawa",Kanagawa
14218,"Ayase, Kanagawa",Kanagawa
14301,"Hayama, Kanagawa",Kanagawa
14321,Samukawa,Kanagawa
14341,"oiso, Kanagawa",Kanagawa
14342,"Ninomiya, Kanagawa",Kanagawa
14361,"Nakai, Kanagawa",Kanagawa
14362,"Oi, Kanagawa",Kanagawa
14363,"Matsuda, Kanagawa",Kanagawa
14364,"Yamakita, Kanagawa",Kanagawa
14366,"Kaisei, Kanagawa",Kanagawa
14382,Hakone,Kanagawa
14383,"Manazuru, Kanagawa",Kanagawa
14384,Yugawara,Kanagawa
14401,"Aikawa, Kanagawa",Kanagawa
14402,"Kiyokawa, Kanagawa",Kanagawa
15100,Niigata (city),Niigata
15101,"Kita-ku, Niigata",Niigata
15102,"Higashi-ku, Niigata",Niigata
15103,"Chuo-ku, Niigata",Niigata
15104,"Konan-ku, Niigata",Niigata
15105,"Akiha-ku, Niigata",Niigata
15106,"Minami-ku, Niigata",Niigata
15107,"Nishi-ku, Niigata",Niigata
15108,"Nishikan-ku, Niigata",Niigata
15202,"Nagaoka, Niigata",Niigata
15204,"Sanjo, Niigata",Niigata
15205,"Kashiwazaki, Niigata",Niigata
15206,"Shibata, Niigata",Niigata
15208,"Ojiya, Niigata",Niigata
15209,"Kamo, Niigata",Niigata
15210,Tokamachi,Niigata
15211,"Mitsuke, Niigata",Niigata
15212,"Murakami, Niigata",Niigata
15213,"Tsubame, Niigata",Niigata
15216,"Itoigawa, Niigata",Niigata
15217,"Myoko, Niigata",Niigata
15218,"Gosen, Niigata",Niigata
15222,"Joetsu, Niigata",Niigata
15223,"Agano, Niigata",Niigata
15224,"Sado, Niigata",Niigata
15225,Uonuma,Niigata
15226,Minamiuonuma,Niigata
15227,Tainai,Niigata
15307,"Seiro, Niigata",Niigata
15342,"Yahiko, Niigata",Niigata
15361,"Tagami, Niigata",Niigata
15385,"Aga, Niigata",Niigata
15405,Izumozaki,Niigata
15461,"Yuzawa, Niigata",Niigata
15482,Tsunan,Niigata
15504,Kariwa,Niigata
15581,Sekikawa,Niigata
15586,Awashimaura,Niigata
16201,Toyama (city),Toyama
16202,"Takaoka, Toyama",Toyama
16204,"Uozu, Toyama",Toyama
16205,"Himi, Toyama",Toyama
16206,"Namerikawa, Toyama",Toyama
16207,"Kurobe, Toyama",Toyama
16208,"Tonami, Toyama",Toyama
16209,"Oyabe, Toyama",Toyama
16210,"Nanto, Toyama",Toyama
16211,"Imizu, Toyama",Toyama
16321,"Funahashi, Toyama",Toyama
16322,"Kamiichi, Toyama",Toyama
16323,"Tateyama, Toyama",Toyama
16342,"Nyuzen, Toyama",Toyama
16343,"Asahi, Toyama",Toyama
17201,Kanazawa,Ishikawa
17202,"Nanao, Ishikawa",Ishikawa
17203,"Komatsu, Ishikawa",Ishikawa
17204,"Wajima, Ishikawa",Ishikawa
17205,"Suzu, Ishikawa",Ishikawa
17206,"Kaga, Ishikawa",Ishikawa
17207,"Hakui, Ishikawa",Ishikawa
17209,"Kahoku, Ishikawa",Ishikawa
17210,"Hakusan, Ishikawa",Ishikawa
17211,"Nomi, Ishikawa",Ishikawa
17212,"Nonoichi, Ishikawa",Ishikawa
17324,"Kawakita, Ishikawa",Ishikawa
17361,"Tsubata, Ishikawa",Ishikawa
17365,"Uchinada, Ishikawa",Ishikawa
17384,"Shika, Ishikawa",Ishikawa
17386,"Hodatsushimizu, Ishikawa",Ishikawa
17407,"Nakanoto, Ishikawa",Ishikawa
17461,"Anamizu, Ishikawa",Ishikawa
17463,"Noto, Ishikawa",Ishikawa
18201,Fukui (city),Fukui
18202,"Tsuruga, Fukui",Fukui
18204,"Obama, Fukui",Fukui
18205,"Ono, Fukui",Fukui
18206,"Katsuyama, Fukui",Fukui
18207,"Sabae, Fukui",Fukui
18208,"Awara, Fukui",Fukui
18209,"Echizen, Fukui",Fukui
18210,"Sakai, Fukui",Fukui
18322,"Eiheiji, Fukui",Fukui
18382,"Ikeda, Fukui",Fukui
18404,"Minamiechizen, Fukui",Fukui
18423,"Echizen, Fukui (town)",Fukui
18442,"Mihama, Fukui",Fukui
18481,"Takahama, Fukui",Fukui
18483,"Oi, Fukui",Fukui
18501,"Wakasa, Fukui",Fukui
19201,Kofu,Yamanashi
19202,"Fujiyoshida, Yamanashi",Yamanashi
19204,"Tsuru, Yamanashi",Yamanashi
19205,"Yamanashi, Yamanashi",Yamanashi
19206,"Otsuki, Yamanashi",Yamanashi
19207,"Nirasaki, Yamanashi",Yamanashi
19208,"Minami-Alps, Yamanashi",Yamanashi
19209,"Hokuto, Yamanashi",Yamanashi
19210,"Kai, Yamanashi",Yamanashi
19211,Fuefuki,Yamanashi
19212,"Uenohara, Yamanashi",Yamanashi
19213,"Koshu, Yamanashi",Yamanashi
19214,"Chuo, Yamanashi",Yamanashi
19346,Ichikawamisato,Yamanashi
19364,"Hayakawa, Yamanashi",Yamanashi
19365,"Minobu, Yamanashi",Yamanashi
19366,"Nanbu, Yamanashi",Yamanashi
19368,"Fujikawa, Yamanashi",Yamanashi
19384,"Showa, Yamanashi",Yamanashi
19422,Doshi,Yamanashi
19423,Nishikatsura,Yamanashi
19424,"Oshino, Yamanashi",Yamanashi
19425,"Yamanakako, Yamanashi",Yamanashi
19429,"Narusawa, Yamanashi",Yamanashi
19430,"Fujikawaguchiko, Yamanashi",Yamanashi
19442,"Kosuge, Yamanashi",Yamanashi
19443,Tabayama,Yamanashi
20201,Nagano (city),Nagano
20202,"Matsumoto, Nagano",Nagano
20203,"Ueda, Nagano",Nagano
20204,"Okaya, Nagano",Nagano
20205,"Iida, Nagano",Nagano
20206,"Suwa, Nagano",Nagano
20207,"Suzaka, Nagano",Nagano
20208,"Komoro, Nagano",Nagano
20209,"Ina, Nagano",Nagano
20210,"Komagane, Nagano",Nagano
20211,"Nakano, Nagano",Nagano
20212,"omachi, Nagano",Nagano
20213,"Iiyama, Nagano",Nagano
20214,"Chino, Nagano",Nagano
20215,"Shiojiri, Nagano",Nagano
20217,"Saku, Nagano",Nagano
20218,"Chikuma, Nagano",Nagano
20219,"Tomi, Nagano",Nagano
20220,"Azumino, Nagano",Nagano
20303,"Koumi, Nagano",Nagano
20304,"Kawakami, Nagano",Nagano
20305,"Minamimaki, Nagano",Nagano
20306,"Minamiaiki, Nagano",Nagano
20307,"Kitaaiki, Nagano",Nagano
20309,"Sakuho, Nagano",Nagano
20321,"Karuizawa, Nagano",Nagano
20323,"Miyota, Nagano",Nagano
20324,"Tateshina, Nagano",Nagano
20349,"Aoki, Nagano",Nagano
20350,"Nagawa, Nagano",Nagano
20361,"Shimosuwa, Nagano",Nagano
20362,"Fujimi, Nagano",Nagano
20363,"Hara, Nagano",Nagano
20382,"Tatsuno, Nagano",Nagano
20383,"Minowa, Nagano",Nagano
20384,"Iijima, Nagano",Nagano
20385,"Minamiminowa, Nagano",Nagano
20386,"Nakagawa, Nagano",Nagano
20388,"Miyada, Nagano",Nagano
20402,"Matsukawa, Nagano (Shimoina)",Nagano
20403,"Takamori, Nagano",Nagano
20404,"Anan, Nagano",Nagano
20407,"Achi, Nagano",Nagano
20409,"Hiraya, Nagano",Nagano
20410,"Neba, Nagano",Nagano
20411,"Shimojo, Nagano",Nagano
20412,"Urugi, Nagano",Nagano
20413,"Tenryu, Nagano",Nagano
20414,"Yasuoka, Nagano",Nagano
20415,"Takagi, Nagano",Nagano
20416,"Toyooka, Nagano",Nagano
20417,"oshika, Nagano",Nagano
20422,"Agematsu, Nagano",Nagano
20423,"Nagiso, Nagano",Nagano
20425,"Kiso, Nagano (village)",Nagano
20429,"otaki, Nagano",Nagano
20430,"okuwa, Nagano",Nagano
20432,"Kiso, Nagano (town)",Nagano
20446,"Omi, Nagano",Nagano
20448,"Ikusaka, Nagano",Nagano
20450,"Yamagata, Nagano",Nagano
20451,"Asahi, Nagano",Nagano
20452,"Chikuhoku, Nagano",Nagano
20481,"Ikeda, Nagano",Nagano
20482,"Matsukawa, Nagano (Kitaazumi)",Nagano
20485,"Hakuba, Nagano",Nagano
20486,"Otari, Nagano",Nagano
20521,"Sakaki, Nagano",Nagano
20541,"Obuse, Nagano",Nagano
20543,"Takayama, Nagano",Nagano
20561,"Yamanouchi, Nagano",Nagano
20562,"Kijimadaira, Nagano",Nagano
20563,"Nozawaonsen, Nagano",Nagano
20583,"Shinano, Nagano",Nagano
20588,"Ogawa, Nagano",Nagano
20590,"Iizuna, Nagano",Nagano
20602,"Sakae, Nagano",Nagano
21201,Gifu,Gifu
21202,Ogaki,Gifu
21203,"Takayama, Gifu",Gifu
21204,Tajimi,Gifu
21205,"Seki, Gifu",Gifu
21206,"Nakatsugawa, Gifu",Gifu
21207,"Mino, Gifu",Gifu
21208,"Mizunami, Gifu",Gifu
21209,"Hashima, Gifu",Gifu
21210,"Ena, Gifu",Gifu
21211,"Minokamo, Gifu",Gifu
21212,"Toki, Gifu",Gifu
21213,"Kakamigahara, Gifu",Gifu
21214,"Kani, Gifu",Gifu
21215,"Yamagata, Gifu",Gifu
21216,"Mizuho, Gifu",Gifu
21217,"Hida, Gifu",Gifu
21218,"Motosu, Gifu",Gifu
21219,"Gujo, Gifu",Gifu
21220,"Gero, Gifu",Gifu
21221,Kaizu,Gifu
21302,"Ginan, Gifu",Gifu
21303,"Kasamatsu, Gifu",Gifu
21341,"Yoro, Gifu",Gifu
21361,"Tarui, Gifu",Gifu
21362,"Sekigahara, Gifu",Gifu
21381,"Godo, Gifu",Gifu
21382,"Wanouchi, Gifu",Gifu
21383,"Anpachi, Gifu",Gifu
21401,Ibigawa,Gifu
21403,"ono, Gifu",Gifu
21404,"Ikeda, Gifu",Gifu
21421,"Kitagata, Gifu",Gifu
21501,"Sakahogi, Gifu",Gifu
21502,"Tomika, Gifu",Gifu
21503,"Kawabe, Gifu",Gifu
21504,"Hichiso, Gifu",Gifu
21505,"Yaotsu, Gifu",Gifu
21506,"Shirakawa, Gifu (town)",Gifu
21507,"Higashishirakawa, Gifu",Gifu
21521,"Mitake, Gifu",Gifu
21604,"Shirakawa, Gifu (village)",Gifu
22100,Shizuoka (city),Hamamatsu
22101,"Aoi-ku, Shizuoka",Hamamatsu
22102,"Suruga-ku, Shizuoka",Hamamatsu
22103,"Shimizu-ku, Shizuoka",Hamamatsu
22130,Hamamatsu,Hamamatsu
22131,"Naka-ku, Hamamatsu",Hamamatsu
22132,"Higashi-ku, Hamamatsu",Hamamatsu
22133,"Nishi-ku, Hamamatsu",Hamamatsu
22134,"Minami-ku, Hamamatsu",Hamamatsu
22135,"Kita-ku, Hamamatsu",Hamamatsu
22136,Hamakita Ward,Hamamatsu
22137,Tenryu Ward,Hamamatsu
22203,Numazu,Hamamatsu
22205,Atami,Hamamatsu
22206,"Mishima, Shizuoka",Hamamatsu
22207,"Fujinomiya, Shizuoka",Hamamatsu
22208,"Ito, Shizuoka",Hamamatsu
22209,"Shimada, Shizuoka",Hamamatsu
22210,"Fuji, Shizuoka",Hamamatsu
22211,"Iwata, Shizuoka",Hamamatsu
22212,"Yaizu, Shizuoka",Hamamatsu
22213,"Kakegawa, Shizuoka",Hamamatsu
22214,"Fujieda, Shizuoka",Hamamatsu
22215,"Gotemba, Shizuoka",Hamamatsu
22216,"Fukuroi, Shizuoka",Hamamatsu
22219,"Shimoda, Shizuoka",Hamamatsu
22220,"Susono, Shizuoka",Hamamatsu
22221,"Kosai, Shizuoka",Hamamatsu
22222,"Izu, Shizuoka",Hamamatsu
22223,Omaezaki,Hamamatsu
22224,Kikugawa,Hamamatsu
22225,Izunokuni,Hamamatsu
22226,Makinohara,Hamamatsu
22301,Higashiizu,Hamamatsu
22302,"Kawazu, Shizuoka",Hamamatsu
22304,Minamiizu,Hamamatsu
22305,"Matsuzaki, Shizuoka",Hamamatsu
22306,Nishiizu,Hamamatsu
22325,Kannami,Hamamatsu
22341,"Shimizu, Shizuoka",Hamamatsu
22342,Nagaizumi,Hamamatsu
22344,"Oyama, Shizuoka",Hamamatsu
22424,"Yoshida, Shizuoka",Hamamatsu
22429,Kawanehon,Hamamatsu
22461,"Mori, Shizuoka",Hamamatsu
23100,Nagoya,Nagoya
23101,"Chikusa-ku, Nagoya",Nagoya
23102,"Higashi-ku, Nagoya",Nagoya
23103,"Kita-ku, Nagoya",Nagoya
23104,"Nishi-ku, Nagoya",Nagoya
23105,"Nakamura-ku, Nagoya",Nagoya
23106,"Naka-ku, Nagoya",Nagoya
23107,Showa-ku,Nagoya
23108,"Mizuho-ku, Nagoya",Nagoya
23109,"Atsuta-ku, Nagoya",Nagoya
23110,"Nakagawa-ku, Nagoya",Nagoya
23111,"Minato-ku, Nagoya",Nagoya
23112,"Minami-ku, Nagoya",Nagoya
23113,"Moriyama-ku, Nagoya",Nagoya
23114,"Midori-ku, Nagoya",Nagoya
23115,"Meito-ku, Nagoya",Nagoya
23116,Tenpaku-ku,Nagoya
23201,Toyohashi,Nagoya
23202,"Okazaki, Aichi",Nagoya
23203,"Ichinomiya, Aichi",Nagoya
23204,"Seto, Aichi",Nagoya
23205,"Handa, Aichi",Nagoya
23206,"Kasugai, Aichi",Nagoya
23207,"Toyokawa, Aichi",Nagoya
23208,"Tsushima, Aichi",Nagoya
23209,Hekinan,Nagoya
23210,"Kariya, Aichi",Nagoya
23211,"Toyota, Aichi",Nagoya
23212,Anjo,Nagoya
23213,"Nishio, Aichi",Nagoya
23214,Gamagori,Nagoya
23215,Inuyama,Nagoya
23216,Tokoname,Nagoya
23217,"Konan, Aichi",Nagoya
23219,Komaki,Nagoya
23220,"Inazawa, Aichi",Nagoya
23221,"Shinshiro, Aichi",Nagoya
23222,"Tokai, Aichi",Nagoya
23223,"obu, Aichi",Nagoya
23224,"Chita, Aichi",Nagoya
23225,Chiryu,Nagoya
23226,"Owariasahi, Aichi",Nagoya
23227,"Takahama, Aichi",Nagoya
23228,"Iwakura, Aichi",Nagoya
23229,"Toyoake, Aichi",Nagoya
23230,"Nisshin, Aichi",Nagoya
23231,"Tahara, Aichi",Nagoya
23232,Aisai,Nagoya
23233,Kiyosu,Nagoya
23234,Kitanagoya,Nagoya
23235,Yatomi,Nagoya
23236,"Miyoshi, Aichi",Nagoya
23237,"Ama, Aichi",Nagoya
23238,"Nagakute, Aichi",Nagoya
23302,"Togo, Aichi",Nagoya
23342,"Toyoyama, Aichi",Nagoya
23361,"oguchi, Aichi",Nagoya
23362,"Fuso, Aichi",Nagoya
23424,"oharu, Aichi",Nagoya
23425,"Kanie, Aichi",Nagoya
23427,"Tobishima, Aichi",Nagoya
23441,"Agui, Aichi",Nagoya
23442,"Higashiura, Aichi",Nagoya
23445,"Minamichita, Aichi",Nagoya
23446,"Mihama, Aichi",Nagoya
23447,Taketoyo,Nagoya
23501,"Kota, Aichi",Nagoya
23561,"Shitara, Aichi",Nagoya
23562,"Toei, Aichi",Nagoya
23563,"Toyone, Aichi",Nagoya
24201,"Tsu, Mie",Mie
24202,Yokkaichi,Mie
24203,"Ise, Mie",Mie
24204,"Matsusaka, Mie",Mie
24205,"Kuwana, Mie",Mie
24207,"Suzuka, Mie",Mie
24208,"Nabari, Mie",Mie
24209,"Owase, Mie",Mie
24210,"Kameyama, Mie",Mie
24211,"Toba, Mie",Mie
24212,"Kumano, Mie",Mie
24214,"Inabe, Mie",Mie
24215,"Shima, Mie",Mie
24216,"Iga, Mie",Mie
24303,"Kisosaki, Mie",Mie
24324,"Toin, Mie",Mie
24341,"Komono, Mie",Mie
24343,"Asahi, Mie",Mie
24344,"Kawagoe, Mie",Mie
24441,"Taki, Mie",Mie
24442,"Meiwa, Mie",Mie
24443,"odai, Mie",Mie
24461,"Tamaki, Mie",Mie
24470,"Watarai, Mie",Mie
24471,"Taiki, Mie",Mie
24472,"Minamiise, Mie",Mie
24543,"Kihoku, Mie",Mie
24561,"Mihama, Mie",Mie
24562,"Kiho, Mie",Mie
25201,Otsu,Shiga
25202,"Hikone, Shiga",Shiga
25203,"Nagahama, Shiga",Shiga
25204,omihachiman,Shiga
25206,"Kusatsu, Shiga",Shiga
25207,"Moriyama, Shiga",Shiga
25208,"Ritto, Shiga",Shiga
25209,"Koka, Shiga",Shiga
25210,"Yasu, Shiga",Shiga
25211,"Konan, Shiga",Shiga
25212,"Takashima, Shiga",Shiga
25213,Higashiomi,Shiga
25214,"Maibara, Shiga",Shiga
25383,"Hino, Shiga",Shiga
25384,"Ryuo, Shiga",Shiga
25425,"Aisho, Shiga",Shiga
25441,"Toyosato, Shiga",Shiga
25442,"Kora, Shiga",Shiga
25443,"Taga, Shiga",Shiga
26100,Kyoto,Kyoto
26101,"Kita-ku, Kyoto",Kyoto
26102,Kamigyo-ku,Kyoto
26103,"Sakyo-ku, Kyoto",Kyoto
26104,"Nakagyo-ku, Kyoto",Kyoto
26105,"Higashiyama-ku, Kyoto",Kyoto
26106,"Shimogyo-ku, Kyoto",Kyoto
26107,"Minami-ku, Kyoto",Kyoto
26108,"Ukyo-ku, Kyoto",Kyoto
26109,"Fushimi-ku, Kyoto",Kyoto
26110,"Yamashina-ku, Kyoto",Kyoto
26111,"Nishikyo-ku, Kyoto",Kyoto
26201,"Fukuchiyama, Kyoto",Kyoto
26202,Maizuru,Kyoto
26203,"Ayabe, Kyoto",Kyoto
26204,Uji,Kyoto
26205,"Miyazu, Kyoto",Kyoto
26206,"Kameoka, Kyoto",Kyoto
26207,"Joyo, Kyoto",Kyoto
26208,Muko,Kyoto
26209,"Nagaokakyo, Kyoto",Kyoto
26210,Yawata,Kyoto
26211,"Kyotanabe, Kyoto",Kyoto
26212,Kyotango,Kyoto
26213,"Nantan, Kyoto",Kyoto
26214,"Kizugawa, Kyoto",Kyoto
26303,"oyamazaki, Kyoto",Kyoto
26322,"Kumiyama, Kyoto",Kyoto
26343,"Ide, Kyoto",Kyoto
26344,Ujitawara,Kyoto
26364,"Kasagi, Kyoto",Kyoto
26365,"Wazuka, Kyoto",Kyoto
26366,"Seika, Kyoto",Kyoto
26367,"Minamiyamashiro, Kyoto",Kyoto
26407,"Kyotamba, Kyoto",Kyoto
26463,"Ine, Kyoto",Kyoto
26465,"Yosano, Kyoto",Kyoto
27100,Osaka,Osaka
27102,"Miyakojima-ku, Osaka",Osaka
27103,"Fukushima-ku, Osaka",Osaka
27104,"Konohana-ku, Osaka",Osaka
27106,"Nishi-ku, Osaka",Osaka
27107,"Minato-ku, Osaka",Osaka
27108,"Taisho-ku, Osaka",Osaka
27109,"Tennoji-ku, Osaka",Osaka
27111,"Naniwa-ku, Osaka",Osaka
27113,"Nishiyodogawa-ku, Osaka",Osaka
27114,"Higashiyodogawa-ku, Osaka",Osaka
27115,"Higashinari-ku, Osaka",Osaka
27116,"Ikuno-ku, Osaka",Osaka
27117,"Asahi-ku, Osaka",Osaka
27118,"Joto-ku, Osaka",Osaka
27119,"Abeno-ku, Osaka",Osaka
27120,"Sumiyoshi-ku, Osaka",Osaka
27121,"Higashisumiyoshi-ku, Osaka",Osaka
27122,"Nishinari-ku, Osaka",Osaka
27123,"Yodogawa-ku, Osaka",Osaka
27124,"Tsurumi-ku, Osaka",Osaka
27125,"Suminoe-ku, Osaka",Osaka
27126,"Hirano-ku, Osaka",Osaka
27127,"Kita-ku, Osaka",Osaka
27128,"Chuo-ku, Osaka",Osaka
27140,Sakai,Osaka
27141,"Sakai-ku, Sakai",Osaka
27142,"Naka-ku, Sakai",Osaka
27143,"Higashi-ku, Sakai",Osaka
27144,"Nishi-ku, Sakai",Osaka
27145,"Minami-ku, Sakai",Osaka
27146,"Kita-ku, Sakai",Osaka
27147,"Mihara-ku, Sakai",Osaka
27202,"Kishiwada, Osaka",Osaka
27203,Toyonaka,Osaka
27204,"Ikeda, Osaka",Osaka
27205,Suita,Osaka
27206,Izumiotsu,Osaka
27207,Takatsuki,Osaka
27208,"Kaizuka, Osaka",Osaka
27209,"Moriguchi, Osaka",Osaka
27210,Hirakata,Osaka
27211,"Ibaraki, Osaka",Osaka
27212,"Yao, Osaka",Osaka
27213,"Izumisano, Osaka",Osaka
27214,"Tondabayashi, Osaka",Osaka
27215,"Neyagawa, Osaka",Osaka
27216,"Kawachinagano, Osaka",Osaka
27217,"Matsubara, Osaka",Osaka
27218,"Daito, Osaka",Osaka
27219,"Izumi, Osaka",Osaka
27220,"Minoh, Osaka",Osaka
27221,"Kashiwara, Osaka",Osaka
27222,"Habikino, Osaka",Osaka
27223,"Kadoma, Osaka",Osaka
27224,"Settsu, Osaka",Osaka
27225,"Takaishi, Osaka",Osaka
27226,"Fujiidera, Osaka",Osaka
27227,Higashiosaka,Osaka
27228,"Sennan, Osaka",Osaka
27229,"Shijonawate, Osaka",Osaka
27230,"Katano, Osaka",Osaka
27231,"osakasayama, Osaka",Osaka
27232,"Hannan, Osaka",Osaka
27301,"Shimamoto, Osaka",Osaka
27321,"Toyono, Osaka",Osaka
27322,"Nose, Osaka",Osaka
27341,"Tadaoka, Osaka",Osaka
27361,"Kumatori, Osaka",Osaka
27362,"Tajiri, Osaka",Osaka
27366,"Misaki, Osaka",Osaka
27381,"Taishi, Osaka",Osaka
27382,"Kanan, Osaka",Osaka
27383,"Chihayaakasaka, Osaka",Osaka
28100,Kobe,Hyogo
28101,"Higashinada-ku, Kobe",Hyogo
28102,"Nada-ku, Kobe",Hyogo
28105,"Hyogo-ku, Kobe",Hyogo
28106,"Nagata-ku, Kobe",Hyogo
28107,"Suma-ku, Kobe",Hyogo
28108,"Tarumi-ku, Kobe",Hyogo
28109,"Kita-ku, Kobe",Hyogo
28110,"Chuo-ku, Kobe",Hyogo
28111,"Nishi-ku, Kobe",Hyogo
28201,Himeji,Hyogo
28202,Amagasaki,Hyogo
28203,"Akashi, Hyogo",Hyogo
28204,Nishinomiya,Hyogo
28205,"Sumoto, Hyogo",Hyogo
28206,"Ashiya, Hyogo",Hyogo
28207,"Itami, Hyogo",Hyogo
28208,"Aioi, Hyogo",Hyogo
28209,"Toyooka, Hyogo",Hyogo
28210,"Kakogawa, Hyogo",Hyogo
28212,"Ako, Hyogo",Hyogo
28213,"Nishiwaki, Hyogo",Hyogo
28214,"Takarazuka, Hyogo",Hyogo
28215,"Miki, Hyogo",Hyogo
28216,"Takasago, Hyogo",Hyogo
28217,"Kawanishi, Hyogo",Hyogo
28218,"Ono, Hyogo",Hyogo
28219,"Sanda, Hyogo",Hyogo
28220,"Kasai, Hyogo",Hyogo
28221,Tamba-Sasayama,Hyogo
28222,"Yabu, Hyogo",Hyogo
28223,"Tanba, Hyogo",Hyogo
28224,Minamiawaji,Hyogo
28225,"Asago, Hyogo",Hyogo
28226,"Awaji, Hyogo",Hyogo
28227,"Shiso, Hyogo",Hyogo
28228,"Kato, Hyogo",Hyogo
28229,"Tatsuno, Hyogo",Hyogo
28301,"Inagawa, Hyogo",Hyogo
28365,"Taka, Hyogo",Hyogo
28381,"Inami, Hyogo",Hyogo
28382,"Harima, Hyogo",Hyogo
28442,"Ichikawa, Hyogo",Hyogo
28443,"Fukusaki, Hyogo",Hyogo
28446,"Kamikawa, Hyogo",Hyogo
28464,"Taishi, Hyogo",Hyogo
28481,"Kamigori, Hyogo",Hyogo
28501,"Sayo, Hyogo",Hyogo
28585,"Kami, Hyogo (Mikata)",Hyogo
28586,"Shin'onsen, Hyogo",Hyogo
29201,"Nara, Nara",Nara
29202,"Yamatotakada, Nara",Nara
29203,Yamatokoriyama,Nara
29204,"Tenri, Nara",Nara
29205,"Kashihara, Nara",Nara
29206,"Sakurai, Nara",Nara
29207,"Gojo, Nara",Nara
29208,"Gose, Nara",Nara
29209,"Ikoma, Nara",Nara
29210,"Kashiba, Nara",Nara
29211,"Katsuragi, Nara",Nara
29212,"Uda, Nara",Nara
29322,"Yamazoe, Nara",Nara
29342,"Heguri, Nara",Nara
29343,"Sango, Nara",Nara
29344,"Ikaruga, Nara",Nara
29345,"Ando, Nara",Nara
29361,"Kawanishi, Nara",Nara
29362,"Miyake, Nara",Nara
29363,"Tawaramoto, Nara",Nara
29385,"Soni, Nara",Nara
29386,"Mitsue, Nara",Nara
29401,"Takatori, Nara",Nara
29402,"Asuka, Nara",Nara
29424,"Kanmaki, Nara",Nara
29425,"oji, Nara",Nara
29426,"Koryo, Nara",Nara
29427,"Kawai, Nara",Nara
29441,"Yoshino, Nara",Nara
29442,"oyodo, Nara",Nara
29443,"Shimoichi, Nara",Nara
29444,"Kurotaki, Nara",Nara
29446,"Tenkawa, Nara",Nara
29447,"Nosegawa, Nara",Nara
29449,Totsukawa,Nara
29450,"Shimokitayama, Nara",Nara
29451,"Kamikitayama, Nara",Nara
29452,"Kawakami, Nara",Nara
29453,"Higashiyoshino, Nara",Nara
30201,Wakayama (city),Wakayama
30202,"Kainan, Wakayama",Wakayama
30203,"Hashimoto, Wakayama",Wakayama
30204,"Arida, Wakayama",Wakayama
30205,"Gobo, Wakayama",Wakayama
30206,"Tanabe, Wakayama",Wakayama
30207,"Shingu, Wakayama",Wakayama
30208,"Kinokawa, Wakayama",Wakayama
30209,"Iwade, Wakayama",Wakayama
30304,"Kimino, Wakayama",Wakayama
30341,"Katsuragi, Wakayama",Wakayama
30343,"Kudoyama, Wakayama",Wakayama
30344,"Koya, Wakayama",Wakayama
30361,"Yuasa, Wakayama",Wakayama
30362,"Hirogawa, Wakayama",Wakayama
30366,"Aridagawa, Wakayama",Wakayama
30381,"Mihama, Wakayama",Wakayama
30382,"Hidaka, Wakayama",Wakayama
30383,"Yura, Wakayama",Wakayama
30390,"Inami, Wakayama",Wakayama
30391,"Minabe, Wakayama",Wakayama
30392,"Hidakagawa, Wakayama",Wakayama
30401,"Shirahama, Wakayama",Wakayama
30404,"Kamitonda, Wakayama",Wakayama
30406,"Susami, Wakayama",Wakayama
30421,Nachikatsuura,Wakayama
30422,"Taiji, Wakayama",Wakayama
30424,"Kozagawa, Wakayama",Wakayama
30427,"Kitayama, Wakayama",Wakayama
30428,"Kushimoto, Wakayama",Wakayama
31201,Tottori (city),Tottori
31202,"Yonago, Tottori",Tottori
31203,"Kurayoshi, Tottori",Tottori
31204,"Sakaiminato, Tottori",Tottori
31302,"Iwami, Tottori",Tottori
31325,"Wakasa, Tottori",Tottori
31328,"Chizu, Tottori",Tottori
31329,"Yazu, Tottori",Tottori
31364,"Misasa, Tottori",Tottori
31370,"Yurihama, Tottori",Tottori
31371,"Kotoura, Tottori",Tottori
31372,"Hokuei, Tottori",Tottori
31384,"Hiezu, Tottori",Tottori
31386,"Daisen, Tottori",Tottori
31389,"Nanbu, Tottori",Tottori
31390,"Hoki, Tottori",Tottori
31401,"Nichinan, Tottori",Tottori
31402,"Hino, Tottori",Tottori
31403,"Kofu, Tottori",Tottori
32201,Matsue,Shimane
32202,"Hamada, Shimane",Shimane
32203,"Izumo, Shimane",Shimane
32204,"Masuda, Shimane",Shimane
32205,"oda, Shimane",Shimane
32206,"Yasugi, Shimane",Shimane
32207,"Gotsu, Shimane",Shimane
32209,"Unnan, Shimane",Shimane
32343,"Okuizumo, Shimane",Shimane
32386,"Iinan, Shimane",Shimane
32441,"Kawamoto, Shimane",Shimane
32448,"Misato, Shimane",Shimane
32449,"onan, Shimane",Shimane
32501,"Tsuwano, Shimane",Shimane
32505,"Yoshika, Shimane",Shimane
32525,"Ama, Shimane",Shimane
32526,"Nishinoshima, Shimane",Shimane
32527,"Chibu, Shimane",Shimane
32528,"Okinoshima, Shimane",Shimane
33100,Okayama,Okayama
33101,"Kita-ku, Okayama",Okayama
33102,"Naka-ku, Okayama",Okayama
33103,"Higashi-ku, Okayama",Okayama
33104,"Minami-ku, Okayama",Okayama
33202,Kurashiki,Okayama
33203,Tsuyama,Okayama
33204,Tamano,Okayama
33205,Kasaoka,Okayama
33207,Ibara,Okayama
33208,Soja,Okayama
33209,"Takahashi, Okayama",Okayama
33210,Niimi,Okayama
33211,"Bizen, Okayama",Okayama
33212,"Setouchi, Okayama",Okayama
33213,Akaiwa,Okayama
33214,Maniwa,Okayama
33215,"Mimasaka, Okayama",Okayama
33216,Asakuchi,Okayama
33346,"Wake, Okayama",Okayama
33423,Hayashima,Okayama
33445,Satosho,Okayama
33461,"Yakage, Okayama",Okayama
33586,"Shinjo, Okayama",Okayama
33606,Kagamino,Okayama
33622,Shoo,Okayama
33623,"Nagi, Okayama",Okayama
33643,Nishiawakura,Okayama
33663,Kumenan,Okayama
33666,"Misaki, Okayama",Okayama
33681,Kibichuo,Okayama
34100,Hiroshima,Hiroshima
34101,"Naka-ku, Hiroshima",Hiroshima
34102,"Higashi-ku, Hiroshima",Hiroshima
34103,"Minami-ku, Hiroshima",Hiroshima
34104,"Nishi-ku, Hiroshima",Hiroshima
34105,"Asaminami-ku, Hiroshima",Hiroshima
34106,"Asakita-ku, Hiroshima",Hiroshima
34107,"Aki-ku, Hiroshima",Hiroshima
34108,"Saeki-ku, Hiroshima",Hiroshima
34202,"Kure, Hiroshima",Hiroshima
34203,"Takehara, Hiroshima",Hiroshima
34204,"Mihara, Hiroshima",Hiroshima
34205,"Onomichi, Hiroshima",Hiroshima
34207,"Fukuyama, Hiroshima",Hiroshima
34208,"Fuchu, Hiroshima",Hiroshima
34209,"Miyoshi, Hiroshima",Hiroshima
34210,"Shobara, Hiroshima",Hiroshima
34211,"otake, Hiroshima",Hiroshima
34212,Higashihiroshima,Hiroshima
34213,"Hatsukaichi, Hiroshima",Hiroshima
34214,"Akitakata, Hiroshima",Hiroshima
34215,"Etajima, Hiroshima",Hiroshima
34302,"Fuchu, Hiroshima (town)",Hiroshima
34304,"Kaita, Hiroshima",Hiroshima
34307,"Kumano, Hiroshima",Hiroshima
34309,"Saka, Hiroshima",Hiroshima
34368,"Akiota, Hiroshima",Hiroshima
34369,"Kitahiroshima, Hiroshima",Hiroshima
34431,"osakikamijima, Hiroshima",Hiroshima
34462,"Sera, Hiroshima",Hiroshima
34545,"Jinsekikogen, Hiroshima",Hiroshima
35201,Shimonoseki,Yamaguchi
35202,"Ube, Yamaguchi",Yamaguchi
35203,Yamaguchi (city),Yamaguchi
35204,"Hagi, Yamaguchi",Yamaguchi
35206,Hofu,Yamaguchi
35207,Kudamatsu,Yamaguchi
35208,Iwakuni,Yamaguchi
35210,"Hikari, Yamaguchi",Yamaguchi
35211,"Nagato, Yamaguchi",Yamaguchi
35212,"Yanai, Yamaguchi",Yamaguchi
35213,"Mine, Yamaguchi",Yamaguchi
35215,Shunan,Yamaguchi
35216,San'yo-Onoda,Yamaguchi
35305,Suo-oshima,Yamaguchi
35321,"Waki, Yamaguchi",Yamaguchi
35341,Kaminoseki,Yamaguchi
35343,Tabuse,Yamaguchi
35344,Hirao,Yamaguchi
35502,"Abu, Yamaguchi",Yamaguchi
36201,Tokushima (city),Tokushima
36202,"Naruto, Tokushima",Tokushima
36203,"Komatsushima, Tokushima",Tokushima
36204,"Anan, Tokushima",Tokushima
36205,"Yoshinogawa, Tokushima",Tokushima
36206,"Awa, Tokushima",Tokushima
36207,"Mima, Tokushima",Tokushima
36208,"Miyoshi, Tokushima",Tokushima
36301,"Katsuura, Tokushima",Tokushima
36302,"Kamikatsu, Tokushima",Tokushima
36321,"Sanagochi, Tokushima",Tokushima
36341,"Ishii, Tokushima",Tokushima
36342,"Kamiyama, Tokushima",Tokushima
36368,"Naka, Tokushima",Tokushima
36383,"Mugi, Tokushima",Tokushima
36387,"Minami, Tokushima",Tokushima
36388,"Kaiyo, Tokushima",Tokushima
36401,"Matsushige, Tokushima",Tokushima
36402,"Kitajima, Tokushima",Tokushima
36403,"Aizumi, Tokushima",Tokushima
36404,"Itano, Tokushima",Tokushima
36405,"Kamiita, Tokushima",Tokushima
36468,"Tsurugi, Tokushima",Tokushima
36489,Higashimiyoshi,Tokushima
37201,"Takamatsu, Kagawa",Kagawa
37202,"Marugame, Kagawa",Kagawa
37203,"Sakaide, Kagawa",Kagawa
37204,"Zentsuji, Kagawa",Kagawa
37205,"Kan'onji, Kagawa",Kagawa
37206,"Sanuki, Kagawa",Kagawa
37207,"Higashikagawa, Kagawa",Kagawa
37208,"Mitoyo, Kagawa",Kagawa
37322,"Tonosho, Kagawa",Kagawa
37324,"Shodoshima, Kagawa",Kagawa
37341,"Miki, Kagawa",Kagawa
37364,"Naoshima, Kagawa",Kagawa
37386,Utazu,Kagawa
37387,"Ayagawa, Kagawa",Kagawa
37403,"Kotohira, Kagawa",Kagawa
37404,"Tadotsu, Kagawa",Kagawa
37406,"Manno, Kagawa",Kagawa
38201,Matsuyama,Ehime
38202,"Imabari, Ehime",Ehime
38203,"Uwajima, Ehime",Ehime
38204,"Yawatahama, Ehime",Ehime
38205,"Niihama, Ehime",Ehime
38206,"Saijo, Ehime",Ehime
38207,"Ozu, Ehime",Ehime
38210,"Iyo, Ehime",Ehime
38213,Shikokuchuo,Ehime
38214,"Seiyo, Ehime",Ehime
38215,"Toon, Ehime",Ehime
38356,"Kamijima, Ehime",Ehime
38386,"Kumakogen, Ehime",Ehime
38401,"Masaki, Ehime",Ehime
38402,"Tobe, Ehime",Ehime
38422,"Uchiko, Ehime",Ehime
38442,Ikata,Ehime
38484,"Matsuno, Ehime",Ehime
38488,"Kihoku, Ehime",Ehime
38506,"Ainan, Ehime",Ehime
39201,"Kochi, Kochi",Kochi
39202,"Muroto, Kochi",Kochi
39203,"Aki, Kochi",Kochi
39204,"Nankoku, Kochi",Kochi
39205,"Tosa, Kochi",Kochi
39206,"Susaki, Kochi",Kochi
39208,"Sukumo, Kochi",Kochi
39209,"Tosashimizu, Kochi",Kochi
39210,"Shimanto, Kochi (city)",Kochi
39211,"Konan, Kochi",Kochi
39212,"Kami, Kochi",Kochi
39301,"Toyo, Kochi",Kochi
39302,"Nahari, Kochi",Kochi
39303,"Tano, Kochi",Kochi
39304,"Yasuda, Kochi",Kochi
39305,"Kitagawa, Kochi",Kochi
39306,"Umaji, Kochi",Kochi
39307,"Geisei, Kochi",Kochi
39341,"Motoyama, Kochi",Kochi
39344,"Otoyo, Kochi",Kochi
39363,"Tosa, Kochi (town)",Kochi
39364,"Okawa, Kochi",Kochi
39386,"Ino, Kochi",Kochi
39387,"Niyodogawa, Kochi",Kochi
39401,"Nakatosa, Kochi",Kochi
39402,"Sakawa, Kochi",Kochi
39403,"Ochi, Kochi",Kochi
39405,"Yusuhara, Kochi",Kochi
39410,"Hidaka, Kochi",Kochi
39411,"Tsuno, Kochi",Kochi
39412,"Shimanto, Kochi (town)",Kochi
39424,"Otsuki, Kochi",Kochi
39427,"Mihara, Kochi",Kochi
39428,"Kuroshio, Kochi",Kochi
40100,Kitakyushu,Miyagi
40101,"Moji-ku, Kitakyushu",Kitakyushu
40103,"Wakamatsu-ku, Kitakyushu",Kitakyushu
40105,"Tobata-ku, Kitakyushu",Kitakyushu
40106,"Kokurakita-ku, Kitakyushu",Kitakyushu
40107,"Kokuraminami-ku, Kitakyushu",Kitakyushu
40108,"Yahatahigashi-ku, Kitakyushu",Kitakyushu
40109,"Yahatanishi-ku, Kitakyushu",Kitakyushu
40130,Fukuoka,Kitakyushu
40131,"Higashi-ku, Fukuoka",Kitakyushu
40132,"Hakata-ku, Fukuoka",Kitakyushu
40133,"Chuo-ku, Fukuoka",Kitakyushu
40134,"Minami-ku, Fukuoka",Kitakyushu
40135,"Nishi-ku, Fukuoka",Kitakyushu
40136,"Jonan-ku, Fukuoka",Kitakyushu
40137,"Sawara-ku, Fukuoka",Kitakyushu
40202,"omuta, Fukuoka",Kitakyushu
40203,Kurume,Kitakyushu
40204,"Nogata, Fukuoka",Kitakyushu
40205,"Iizuka, Fukuoka",Kitakyushu
40206,"Tagawa, Fukuoka",Kitakyushu
40207,"Yanagawa, Fukuoka",Kitakyushu
40210,"Yame, Fukuoka",Kitakyushu
40211,"Chikugo, Fukuoka",Kitakyushu
40212,"okawa, Fukuoka",Kitakyushu
40213,"Yukuhashi, Fukuoka",Kitakyushu
40214,"Buzen, Fukuoka",Kitakyushu
40215,"Nakama, Fukuoka",Kitakyushu
40216,"Ogori, Fukuoka",Kitakyushu
40217,"Chikushino, Fukuoka",Kitakyushu
40218,"Kasuga, Fukuoka",Kitakyushu
40219,onojo,Kitakyushu
40220,"Munakata, Fukuoka",Kitakyushu
40221,"Dazaifu, Fukuoka",Kitakyushu
40223,"Koga, Fukuoka",Kitakyushu
40224,"Fukutsu, Fukuoka",Kitakyushu
40225,"Ukiha, Fukuoka",Kitakyushu
40226,Miyawaka,Kitakyushu
40227,"Kama, Fukuoka",Kitakyushu
40228,"Asakura, Fukuoka",Kitakyushu
40229,"Miyama, Fukuoka",Kitakyushu
40230,"Itoshima, Fukuoka",Kitakyushu
40231,"Nakagawa, Fukuoka",Kitakyushu
40341,"Umi, Fukuoka",Kitakyushu
40342,"Sasaguri, Fukuoka",Kitakyushu
40343,"Shime, Fukuoka",Kitakyushu
40344,"Sue, Fukuoka",Kitakyushu
40345,"Shingu, Fukuoka",Kitakyushu
40348,"Hisayama, Fukuoka",Kitakyushu
40349,"Kasuya, Fukuoka",Kitakyushu
40381,"Ashiya, Fukuoka",Kitakyushu
40382,"Mizumaki, Fukuoka",Kitakyushu
40383,"Okagaki, Fukuoka",Kitakyushu
40384,"Onga, Fukuoka",Kitakyushu
40401,"Kotake, Fukuoka",Kitakyushu
40402,"Kurate, Fukuoka",Kitakyushu
40421,"Keisen, Fukuoka",Kitakyushu
40447,"Chikuzen, Fukuoka",Kitakyushu
40448,"Toho, Fukuoka",Kitakyushu
40503,"Tachiarai, Fukuoka",Kitakyushu
40522,"oki, Fukuoka",Kitakyushu
40544,"Hirokawa, Fukuoka",Kitakyushu
40601,"Kawara, Fukuoka",Kitakyushu
40602,"Soeda, Fukuoka",Kitakyushu
40604,"Itoda, Fukuoka",Kitakyushu
40605,"Kawasaki, Fukuoka",Kitakyushu
40608,"oto, Fukuoka",Kitakyushu
40609,"Aka, Fukuoka",Kitakyushu
40610,"Fukuchi, Fukuoka",Kitakyushu
40621,"Kanda, Fukuoka",Kitakyushu
40625,"Miyako, Fukuoka",Kitakyushu
40642,"Yoshitomi, Fukuoka",Kitakyushu
40646,"Koge, Fukuoka",Kitakyushu
40647,"Chikujo, Fukuoka",Kitakyushu
41201,Saga (city),Saga
41202,"Karatsu, Saga",Saga
41203,"Tosu, Saga",Saga
41204,"Taku, Saga",Saga
41205,"Imari, Saga",Saga
41206,"Takeo, Saga",Saga
41207,"Kashima, Saga",Saga
41208,"Ogi, Saga",Saga
41209,"Ureshino, Saga",Saga
41210,"Kanzaki, Saga",Saga
41327,"Yoshinogari, Saga",Saga
41341,"Kiyama, Saga",Saga
41345,"Kamimine, Saga",Saga
41346,"Miyaki, Saga",Saga
41387,"Genkai, Saga",Saga
41401,"Arita, Saga",Saga
41423,"omachi, Saga",Saga
41424,"Kohoku, Saga",Saga
41425,"Shiroishi, Saga",Saga
41441,"Tara, Saga",Saga
42201,Nagasaki,Nagasaki
42202,"Sasebo, Nagasaki",Nagasaki
42203,"Shimabara, Nagasaki",Nagasaki
42204,"Isahaya, Nagasaki",Nagasaki
42205,"omura, Nagasaki",Nagasaki
42207,"Hirado, Nagasaki",Nagasaki
42208,"Matsuura, Nagasaki",Nagasaki
42209,"Tsushima, Nagasaki",Nagasaki
42210,"Iki, Nagasaki",Nagasaki
42211,"Goto, Nagasaki",Nagasaki
42212,"Saikai, Nagasaki",Nagasaki
42213,"Unzen, Nagasaki",Nagasaki
42214,Minamishimabara,Nagasaki
42307,"Nagayo, Nagasaki",Nagasaki
42308,"Togitsu, Nagasaki",Nagasaki
42321,"Higashisonogi, Nagasaki",Nagasaki
42322,"Kawatana, Nagasaki",Nagasaki
42323,"Hasami, Nagasaki",Nagasaki
42383,"Ojika, Nagasaki",Nagasaki
42391,"Saza, Nagasaki",Nagasaki
42411,Shin-Kamigoto,Nagasaki
43100,Kumamoto,Kumamoto
43101,"Chuo-ku, Kumamoto",Kumamoto
43102,"Higashi-ku, Kumamoto",Kumamoto
43103,"Nishi-ku, Kumamoto",Kumamoto
43104,"Minami-ku, Kumamoto",Kumamoto
43105,"Kita-ku, Kumamoto",Kumamoto
43202,"Yatsushiro, Kumamoto",Kumamoto
43203,"Hitoyoshi, Kumamoto",Kumamoto
43204,"Arao, Kumamoto",Kumamoto
43205,"Minamata, Kumamoto",Kumamoto
43206,"Tamana, Kumamoto",Kumamoto
43208,"Yamaga, Kumamoto",Kumamoto
43210,"Kikuchi, Kumamoto",Kumamoto
43211,"Uto, Kumamoto",Kumamoto
43212,Kami-Amakusa,Kumamoto
43213,"Uki, Kumamoto",Kumamoto
43214,"Aso, Kumamoto",Kumamoto
43215,"Amakusa, Kumamoto",Kumamoto
43216,"Koshi, Kumamoto",Kumamoto
43348,"Misato, Kumamoto",Kumamoto
43364,"Gyokuto, Kumamoto",Kumamoto
43367,"Nankan, Kumamoto",Kumamoto
43368,"Nagasu, Kumamoto",Kumamoto
43369,"Nagomi, Kumamoto",Kumamoto
43403,"ozu, Kumamoto",Kumamoto
43404,"Kikuyo, Kumamoto",Kumamoto
43423,"Minamioguni, Kumamoto",Kumamoto
43424,"Oguni, Kumamoto",Kumamoto
43425,"Ubuyama, Kumamoto",Kumamoto
43428,"Takamori, Kumamoto",Kumamoto
43432,"Nishihara, Kumamoto",Kumamoto
43433,"Minamiaso, Kumamoto",Kumamoto
43441,"Mifune, Kumamoto",Kumamoto
43442,"Kashima, Kumamoto",Kumamoto
43443,"Mashiki, Kumamoto",Kumamoto
43444,"Kosa, Kumamoto",Kumamoto
43447,"Yamato, Kumamoto",Kumamoto
43468,"Hikawa, Kumamoto",Kumamoto
43482,"Ashikita, Kumamoto",Kumamoto
43484,"Tsunagi, Kumamoto",Kumamoto
43501,"Nishiki, Kumamoto",Kumamoto
43505,"Taragi, Kumamoto",Kumamoto
43506,"Yunomae, Kumamoto",Kumamoto
43507,"Mizukami, Kumamoto",Kumamoto
43510,"Sagara, Kumamoto",Kumamoto
43511,"Itsuki, Kumamoto",Kumamoto
43512,"Yamae, Kumamoto",Kumamoto
43513,"Kuma, Kumamoto",Kumamoto
43514,"Asagiri, Kumamoto",Kumamoto
43531,"Reihoku, Kumamoto",Kumamoto
44201,oita (city),Oita
44202,Beppu,Oita
44203,"Nakatsu, oita",Oita
44204,"Hita, oita",Oita
44205,"Saiki, oita",Oita
44206,"Usuki, oita",Oita
44207,"Tsukumi, oita",Oita
44208,"Taketa, oita",Oita
44209,"Bungotakada, oita",Oita
44210,"Kitsuki, oita",Oita
44211,"Usa, oita",Oita
44212,Bungo-ono,Oita
44213,Yufu,Oita
44214,Kunisaki,Oita
44322,"Himeshima, oita",Oita
44341,"Hiji, oita",Oita
44461,"Kokonoe, oita",Oita
44462,"Kusu, oita",Oita
45201,Miyazaki (city),Miyazaki
45202,Miyakonojo,Miyazaki
45203,"Nobeoka, Miyazaki",Miyazaki
45204,"Nichinan, Miyazaki",Miyazaki
45205,"Kobayashi, Miyazaki",Miyazaki
45206,"Hyuga, Miyazaki",Miyazaki
45207,"Kushima, Miyazaki",Miyazaki
45208,"Saito, Miyazaki",Miyazaki
45209,"Ebino, Miyazaki",Miyazaki
45341,"Mimata, Miyazaki",Miyazaki
45361,"Takaharu, Miyazaki",Miyazaki
45382,"Kunitomi, Miyazaki",Miyazaki
45383,"Aya, Miyazaki",Miyazaki
45401,"Takanabe, Miyazaki",Miyazaki
45402,"Shintomi, Miyazaki",Miyazaki
45403,"Nishimera, Miyazaki",Miyazaki
45404,"Kijo, Miyazaki",Miyazaki
45405,"Kawaminami, Miyazaki",Miyazaki
45406,"Tsuno, Miyazaki",Miyazaki
45421,"Kadogawa, Miyazaki",Miyazaki
45429,"Morotsuka, Miyazaki",Miyazaki
45430,"Shiiba, Miyazaki",Miyazaki
45431,"Misato, Miyazaki",Miyazaki
45441,"Takachiho, Miyazaki",Miyazaki
45442,"Hinokage, Miyazaki",Miyazaki
45443,"Gokase, Miyazaki",Miyazaki
46201,Kagoshima,Kagoshima
46203,"Kanoya, Kagoshima",Kagoshima
46204,"Makurazaki, Kagoshima",Kagoshima
46206,"Akune, Kagoshima",Kagoshima
46208,"Izumi, Kagoshima",Kagoshima
46210,"Ibusuki, Kagoshima",Kagoshima
46213,"Nishinoomote, Kagoshima",Kagoshima
46214,"Tarumizu, Kagoshima",Kagoshima
46215,"Satsumasendai, Kagoshima",Kagoshima
46216,"Hioki, Kagoshima",Kagoshima
46217,"Soo, Kagoshima",Kagoshima
46218,"Kirishima, Kagoshima",Kagoshima
46219,Ichikikushikino,Kagoshima
46220,Minamisatsuma,Kagoshima
46221,"Shibushi, Kagoshima",Kagoshima
46222,"Amami, Kagoshima",Kagoshima
46223,Minamikyushu,Kagoshima
46224,"Isa, Kagoshima",Kagoshima
46225,"Aira, Kagoshima",Kagoshima
46303,"Mishima, Kagoshima",Kagoshima
46304,"Toshima, Kagoshima",Kagoshima
46392,"Satsuma, Kagoshima",Kagoshima
46404,"Nagashima, Kagoshima",Kagoshima
46452,"Yusui, Kagoshima",Kagoshima
46468,"osaki, Kagoshima",Kagoshima
46482,"Higashikushira, Kagoshima",Kagoshima
46490,"Kinko, Kagoshima",Kagoshima
46491,"Minamiosumi, Kagoshima",Kagoshima
46492,"Kimotsuki, Kagoshima",Kagoshima
46501,"Nakatane, Kagoshima",Kagoshima
46502,"Minamitane, Kagoshima",Kagoshima
46505,"Yakushima, Kagoshima",Kagoshima
46523,"Yamato, Kagoshima",Kagoshima
46524,Uken,Kagoshima
46525,"Setouchi, Kagoshima",Kagoshima
46527,"Tatsugo, Kagoshima",Kagoshima
46529,"Kikai, Kagoshima",Kagoshima
46530,"Tokunoshima, Kagoshima",Kagoshima
46531,"Amagi, Kagoshima",Kagoshima
46532,"Isen, Kagoshima",Kagoshima
46533,"Wadomari, Kagoshima",Kagoshima
46534,"China, Kagoshima",Kagoshima
46535,"Yoron, Kagoshima",Kagoshima
47201,Naha,Okinawa
47205,"Ginowan, Okinawa",Okinawa
47207,"Ishigaki, Okinawa",Okinawa
47208,"Urasoe, Okinawa",Okinawa
47209,Nago,Okinawa
47210,"Itoman, Okinawa",Okinawa
47211,Okinawa (city),Okinawa
47212,"Tomigusuku, Okinawa",Okinawa
47213,Uruma,Okinawa
47214,"Miyakojima, Okinawa",Okinawa
47215,Nanjo,Okinawa
47301,"Kunigami, Okinawa",Okinawa
47302,ogimi,Okinawa
47303,"Higashi, Okinawa",Okinawa
47306,"Nakijin, Okinawa",Okinawa
47308,"Motobu, Okinawa",Okinawa
47311,"Onna, Okinawa",Okinawa
47313,"Ginoza, Okinawa",Okinawa
47314,"Kin, Okinawa",Okinawa
47315,"Ie, Okinawa",Okinawa
47324,Yomitan,Okinawa
47325,"Kadena, Okinawa",Okinawa
47326,"Chatan, Okinawa",Okinawa
47327,"Kitanakagusuku, Okinawa",Okinawa
47328,"Nakagusuku, Okinawa",Okinawa
47329,"Nishihara, Okinawa",Okinawa
47348,"Yonabaru, Okinawa",Okinawa
47350,"Haebaru, Okinawa",Okinawa
47353,"Tokashiki, Okinawa",Okinawa
47354,"Zamami, Okinawa",Okinawa
47355,"Aguni, Okinawa",Okinawa
47356,"Tonaki, Okinawa",Okinawa
47357,"Minamidaito, Okinawa",Okinawa
47358,"Kitadaito, Okinawa",Okinawa
47359,"Iheya, Okinawa",Okinawa
47360,"Izena, Okinawa",Okinawa
47361,"Kumejima, Okinawa",Okinawa
47362,"Yaese, Okinawa",Okinawa
47375,"Tarama, Okinawa",Okinawa
47381,"Taketomi, Okinawa",Okinawa
47382,"Yonaguni, Okinawa",Okinawa
